{
  "465493903": {
    "ETH": {
      "track": 5,
      "last": 2479.581536529559
    },
    "SOL": {
      "track": 5,
      "last": 166.30003324283925
    },
    "BTC": {
      "track": 5,
      "last": null
    }
  }
}